date,host,cpu_name,threads,gpu_name,gpus,engine,dataset,nx,nz,nb,order,nt,dt,nshots,store_interval,t_io,t_h2d,t_forward,t_backward,t_imaging,t_d2h,t_total,stencil_gflop,stencil_gflops,snapshot_mib,gpts_per_s,device_mem_mib
2026-09-23T11:45:23,72aae8446890,AMD EPYC 7H12 64-Core Processor,1,cpu,0,cpu,marmousi12,1361,281,50,8,2800,0.00100000005,12,10,0.056885996,0,104.87873,104.834596,1.55704659,0,211.578552,1084.78198,5.17268979,408.491058,,
2026-09-23T12:02:07,72aae8446890,AMD EPYC 7H12 64-Core Processor,1,NVIDIA GeForce RTX 3090,1,cuda-v0,marmousi12,1361,281,50,8,2800,0.00100000005,12,10,1.78846711,0.10321133,4.06858691,4.02905327,0,0.001451073,8.10279396,1084.78198,133.96273,408.491058,,
2026-09-23T12:02:22,72aae8446890,AMD EPYC 7H12 64-Core Processor,1,NVIDIA GeForce RTX 3090,1,cuda-v1,marmousi12,1361,281,50,8,2800,0.00100000005,12,10,2.091837,0.189155079,2.8856328,3.20810557,0,0.001422333,6.19400504,1084.78198,178.015844,408.491058,,
2026-09-23T12:02:39,72aae8446890,AMD EPYC 7H12 64-Core Processor,1,NVIDIA GeForce RTX 3090,1,cuda-v2,marmousi12,1361,281,50,8,2800,0.00100000005,12,10,2.50699194,0.099466745,2.79990216,3.11377996,0,0.084470608,6.08895213,1084.78198,183.435964,408.491058,,
2026-09-23T12:02:55,72aae8446890,AMD EPYC 7H12 64-Core Processor,1,NVIDIA GeForce RTX 3090,1,cuda-v3,marmousi12,1361,281,50,8,2800,0.00100000005,12,10,0.672686998,0.013360391,2.82890931,3.2663923,0,0.001442944,6.10165579,1084.78198,177.970189,408.491058,,
2026-09-23T12:03:09,72aae8446890,AMD EPYC 7H12 64-Core Processor,1,NVIDIA GeForce RTX 3090,1,cuda-v4,marmousi12,1361,281,50,8,2800,0.00100000005,12,10,1.19915963,0.011983156,2.99324913,3.50556217,0,0.088990339,6.5929083,1084.78198,166.920061,408.491058,,
2026-09-23T12:04:00,72aae8446890,AMD EPYC 7H12 64-Core Processor,1,NVIDIA GeForce RTX 3090,1,cuda-v0,marmousi12,1361,281,50,8,2800,0.00100000005,12,10,0.073102737,0.008663293,0.881647024,0.94733778,0,0.001672663,1.83638964,1084.78198,593.106065,408.491058,,
2026-09-23T12:04:03,72aae8446890,AMD EPYC 7H12 64-Core Processor,1,NVIDIA GeForce RTX 3090,1,cuda-v1,marmousi12,1361,281,50,8,2800,0.00100000005,12,10,0.076038044,0.00644406,0.674347652,0.740008438,0,0.000638947,1.42149601,1084.78198,766.979397,408.491058,,
2026-09-23T12:04:05,72aae8446890,AMD EPYC 7H12 64-Core Processor,1,NVIDIA GeForce RTX 3090,1,cuda-v2,marmousi12,1361,281,50,8,2800,0.00100000005,12,10,0.073248516,0.004364751,0.677780627,0.744867647,0,0.000445138,1.42726019,1084.78198,762.508907,408.491058,,
2026-09-23T12:04:07,72aae8446890,AMD EPYC 7H12 64-Core Processor,1,NVIDIA GeForce RTX 3090,1,cuda-v3,marmousi12,1361,281,50,8,2800,0.00100000005,12,10,0.078600383,0.004907758,0.698214269,0.772694439,0,0.000424778,1.47758276,1084.78198,737.491032,408.491058,,
2026-09-23T12:04:09,72aae8446890,AMD EPYC 7H12 64-Core Processor,1,NVIDIA GeForce RTX 3090,1,cuda-v4,marmousi12,1361,281,50,8,2800,0.00100000005,12,10,0.07930279,0.004627069,0.716065981,0.789744768,0,0.000521907,1.51167646,1084.78198,720.397289,408.491058,,
2026-09-26T12:45:01,c73680b81fa3,Intel(R) Xeon(R) Gold 6342 CPU @ 2.80GHz,8,cpu,0,cpu-opt,marmousi12,1361,281,50,8,2800,0.00100000005,12,10,2.49367002,0,595.027953,409.29649,10.8677552,0,1017.99761,1084.78198,1.0801111,408.491058,0.0372452104,0
2026-09-26T12:45:04,c73680b81fa3,Intel(R) Xeon(R) Gold 6342 CPU @ 2.80GHz,1,NVIDIA A40,1,cuda-v0,marmousi12,1361,281,50,8,2800,0.00100000005,12,10,0.048364584,0.013483372,1.10356516,1.20685793,0,0.001181638,2.31542307,1084.78198,469.516594,408.491058,16.1902274,710.1875
2026-09-26T12:45:07,c73680b81fa3,Intel(R) Xeon(R) Gold 6342 CPU @ 2.80GHz,1,NVIDIA A40,1,cuda-v1,marmousi12,1361,281,50,8,2800,0.00100000005,12,10,0.0776101,0.005985819,0.887742421,0.9785138,0,0.001145098,2.13444731,1084.78198,581.261013,408.491058,20.0434832,710.1875
2026-09-26T12:45:10,c73680b81fa3,Intel(R) Xeon(R) Gold 6342 CPU @ 2.80GHz,1,NVIDIA A40,1,cuda-v2,marmousi12,1361,281,50,8,2800,0.00100000005,12,10,0.052441703,0.006672458,0.882811348,0.98890184,0,0.001407712,1.87520945,1084.78198,579.56635,408.491058,19.9850466,712.1875
2026-09-26T12:45:12,c73680b81fa3,Intel(R) Xeon(R) Gold 6342 CPU @ 2.80GHz,1,NVIDIA A40,1,cuda-v3,marmousi12,1361,281,50,8,2800,0.00100000005,12,10,0.059893886,0.00598106,0.920011742,1.02160262,0,0.001272953,1.94501278,1084.78198,558.701048,408.491058,19.2655534,712.1875
2026-09-26T12:45:15,c73680b81fa3,Intel(R) Xeon(R) Gold 6342 CPU @ 2.80GHz,1,NVIDIA A40,1,cuda-v4,marmousi12,1361,281,50,8,2800,0.00100000005,12,10,0.04452722,0.005664718,0.932978822,1.03336943,0,0.001152182,1.96953011,1084.78198,551.673378,408.491058,19.0232199,712.1875
2026-09-26T13:59:52,c73680b81fa3,Intel(R) Xeon(R) Gold 6342 CPU @ 2.80GHz,1,cpu,0,cpu,marmousi12,1361,281,50,8,2800,0.00100000005,12,10,0.058189181,0,539.909197,472.465198,3.91068655,0,1016.53029,1084.78198,1.07152254,408.491058,0.036949053,0
2026-09-26T14:08:12,c73680b81fa3,Intel(R) Xeon(R) Gold 6342 CPU @ 2.80GHz,8,cpu,0,cpu-opt,marmousi12,1361,281,50,8,2800,0.00100000005,12,10,0.164628919,0,273.862551,224.113952,0.668373367,0,498.851966,1084.78198,2.17837985,408.491058,0.0751165465,0
