date,host,engine,dataset,max_abs,mean_abs,rms,l2_relative,max_relative,correlation,pass
2026-09-26T12:47:50,c73680b81fa3,cuda-v3_vs_cuda-v1,marmousi_dx12.5,0.78125,0.00240761389,0.00826250783,4.83060169e-06,2.168369e-06,1,1
2026-09-26T12:47:55,c73680b81fa3,cuda-v3_vs_cuda-v1,marmousi_dx6.25,0.0213623047,4.94553929e-05,0.000202406863,4.51366638e-05,1.34531189e-05,0.999999999,0
2026-09-26T12:48:04,c73680b81fa3,cuda-v3_vs_cuda-v1,marmousi_dx5,0.0101318359,1.39774151e-05,4.92199065e-05,7.7357188e-05,3.69282832e-05,0.999999997,0
2026-09-26T12:48:23,c73680b81fa3,cuda-v3_vs_cuda-v1,marmousi_dx3.75,0.000325202942,8.70853409e-07,3.20657547e-06,5.59175094e-05,9.81773448e-06,0.999999999,0
2026-09-26T12:54:10,c73680b81fa3,cuda-v3_vs_cuda-v1,marmousi_dx2.5,8.83936882e-05,7.02441001e-08,3.08789415e-07,0.000167444492,0.000192075133,0.999999988,0
2026-09-26T12:54:10,c73680b81fa3,cuda-v1_snap5ms_vs_snap10ms,marmousi_dx2.5,2.46672174,0.000400641042,0.00274351945,1.48770391,5.36006491,0.355146962,0
2026-09-26T12:54:11,c73680b81fa3,cuda-v1_snap20ms_vs_snap10ms,marmousi_dx2.5,0.246659748,0.000258959493,0.00120095329,0.651230265,0.53597949,0.760041605,0
2026-09-26T12:54:11,c73680b81fa3,cuda-v1_snap40ms_vs_snap10ms,marmousi_dx2.5,0.520229701,0.000329019329,0.00161603303,0.876311869,1.13043353,0.485305402,0
2026-09-26T12:54:11,c73680b81fa3,cuda-v1_snap80ms_vs_snap10ms,marmousi_dx2.5,0.460256302,0.000363273542,0.00176291703,0.955961348,1.00011429,0.293534116,0
2026-09-26T13:27:44,c73680b81fa3,cuda-v3_vs_cuda-v1,marmousi_dx1.25,8.18166882e-07,2.1330871e-10,1.62371244e-09,0.00025732411,0.000324185891,0.999999975,0
2026-09-26T13:27:45,c73680b81fa3,cuda-v1_snap20ms_vs_snap10ms,marmousi_dx1.25,0.00293432572,6.44419399e-07,4.83540144e-06,0.766308948,1.16268089,0.650941472,0
2026-09-26T13:27:45,c73680b81fa3,cuda-v1_snap40ms_vs_snap10ms,marmousi_dx1.25,0.0025241636,8.58614851e-07,5.81352292e-06,0.921320532,1.00016053,0.390087267,0
2026-09-26T13:27:46,c73680b81fa3,cuda-v1_snap80ms_vs_snap10ms,marmousi_dx1.25,0.00252388925,9.58582374e-07,6.10714465e-06,0.967853372,1.00005183,0.252213795,0
2026-09-26T13:35:08,c73680b81fa3,cuda-v1_every20steps_vs_every10steps,marmousi_dx3.75,46.2838058,0.0148205869,0.0839496211,0.500166957,0.500823201,0.99999856,0
2026-09-26T13:35:08,c73680b81fa3,cuda-v1_every40steps_vs_every10steps,marmousi_dx3.75,60.0238686,0.0228035637,0.123922253,0.738321575,0.649500305,0.861362361,0
2026-09-26T13:35:09,c73680b81fa3,cuda-v1_every80steps_vs_every10steps,marmousi_dx3.75,88.7613947,0.0267615532,0.154374859,0.919756426,0.960460468,0.464734781,0
2026-09-26T13:35:09,c73680b81fa3,cuda-v1_every160steps_vs_every10steps,marmousi_dx3.75,88.4960561,0.0282038547,0.157664219,0.939354241,0.957589318,0.427885125,0
2026-09-26T14:11:28,c73680b81fa3,devito_vs_cuda-v1_order8,marmousi_dx12.5,154942.266,362.045537,1246.84182,0.728955148,0.430044502,0.742988105,0
2026-09-26T14:12:05,c73680b81fa3,devito_vs_cuda-v1_order8,marmousi_dx6.25,967.573486,2.342919,8.77071238,0.977496967,0.304110375,0.687782834,0
2026-09-26T14:12:59,c73680b81fa3,devito_vs_cuda-v1_order8,marmousi_dx5,201.638947,0.399910018,1.56518301,0.984213469,0.29638817,0.684067111,0
2026-09-26T14:14:17,c73680b81fa3,devito_vs_cuda-v1_order8,marmousi_dx3.75,30.5456619,0.0378307836,0.147072279,0.876248081,0.330525459,0.694013493,0
2026-09-26T14:17:02,c73680b81fa3,devito_vs_cuda-v1_order4,marmousi_dx2.5,1.45706561,0.000503088566,0.00238616533,1.34515137,3.02136778,0.197963578,0
2026-09-26T14:18:29,c73680b81fa3,devito_vs_cuda-v1_order8,marmousi_dx2.5,1.41673093,0.000533180857,0.00246218665,1.33514908,3.07850151,0.282384299,0
2026-09-26T14:20:05,c73680b81fa3,devito_vs_cuda-v1_order12,marmousi_dx2.5,1.40332355,0.000532803909,0.00245918896,1.333893,3.04239926,0.284172771,0
