date,host,gpu_name,gpu_total_mib,code,engine,sweep,dataset,dx,f0,order,nx,nz,nb,nt,nshots,store_interval,snapshot_ms,status,t_migrate_s,s_per_shot,gpts_per_s,device_mem_mib_engine,device_mem_mib_peak,mean_power_w,energy_j,devito_gpts,devito_gflops,devito_oi,jit_s,image
2026-09-26T12:47:48,c73680b81fa3,NVIDIA A40,46068,ours,cuda-v1,S1T,marmousi_dx12.5,12.5,10,8,1361,281,50,2800,2,10,10,ok,0.3120,0.1560,20.1452,710.1875,711.0,148.52499999999998,46.3,,,,,results/images/scaling/marmousi_dx12.5/cuda-v1_snap10ms.bin
2026-09-26T12:47:49,c73680b81fa3,NVIDIA A40,46068,ours,cuda-v3,S1T,marmousi_dx12.5,12.5,10,8,1361,281,50,2800,2,10,10,ok,0.3266,0.1633,19.3089,712.1875,713.0,174.0575,56.8,,,,,results/images/scaling/marmousi_dx12.5/cuda-v3_snap10ms.bin
2026-09-26T12:47:52,c73680b81fa3,NVIDIA A40,46068,ours,cuda-v1,S1T,marmousi_dx6.25,6.25,20,8,2721,561,50,5600,2,20,10,ok,1.9876,0.9938,21.1282,1966.1875,1967.0,230.53769230769234,458.2,,,,,results/images/scaling/marmousi_dx6.25/cuda-v1_snap10ms.bin
2026-09-26T12:47:55,c73680b81fa3,NVIDIA A40,46068,ours,cuda-v3,S1T,marmousi_dx6.25,6.25,20,8,2721,561,50,5600,2,20,10,ok,1.9798,0.9899,21.2352,1966.1875,1967.0,238.04923076923075,471.3,,,,,results/images/scaling/marmousi_dx6.25/cuda-v3_snap10ms.bin
2026-09-26T12:47:59,c73680b81fa3,NVIDIA A40,46068,ours,cuda-v1,S1T,marmousi_dx5,5,25,8,3401,701,50,7000,2,25,10,ok,3.6553,1.8276,21.5771,2912.1875,2913.0,256.4238095238095,937.3,,,,,results/images/scaling/marmousi_dx5/cuda-v1_snap10ms.bin
2026-09-26T12:48:04,c73680b81fa3,NVIDIA A40,46068,ours,cuda-v3,S1T,marmousi_dx5,5,25,8,3401,701,50,7000,2,25,10,ok,3.6312,1.8156,21.7155,2916.1875,2917.0,254.1290476190476,922.8,,,,,results/images/scaling/marmousi_dx5/cuda-v3_snap10ms.bin
2026-09-26T12:48:13,c73680b81fa3,NVIDIA A40,46068,ours,cuda-v1,S1T,marmousi_dx3.75,3.75,33.3333,8,4534,934,50,9334,2,33,10,ok,8.1620,4.0810,22.0660,4996.1875,4997.0,268.36555555555555,2190.4,,,,,results/images/scaling/marmousi_dx3.75/cuda-v1_snap10ms.bin
2026-09-26T12:48:23,c73680b81fa3,NVIDIA A40,46068,ours,cuda-v3,S1T,marmousi_dx3.75,3.75,33.3333,8,4534,934,50,9334,2,33,10,ok,8.0779,4.0389,22.2162,5002.1875,5003.0,270.8561363636364,2187.9,,,,,results/images/scaling/marmousi_dx3.75/cuda-v3_snap10ms.bin
2026-09-26T12:48:50,c73680b81fa3,NVIDIA A40,46068,ours,cuda-v1,S1T,marmousi_dx2.5,2.5,50,8,6801,1401,50,14000,2,50,10,ok,25.9171,12.9585,22.4326,10748.1875,10749.0,282.54858208955227,7322.8,,,,,results/images/scaling/marmousi_dx2.5/cuda-v1_snap10ms.bin
2026-09-26T12:49:55,c73680b81fa3,NVIDIA A40,46068,ours,cuda-v1,S1B_aliased,marmousi_dx2.5,2.5,50,8,6801,1401,50,14000,2,25,5,ok,26.2255,13.1128,22.1680,20926.1875,20927.0,277.6485925925926,7281.5,,,,,results/images/scaling/marmousi_dx2.5/cuda-v1_snap5ms.bin
2026-09-26T12:50:22,c73680b81fa3,NVIDIA A40,46068,ours,cuda-v1,S1B_aliased,marmousi_dx2.5,2.5,50,8,6801,1401,50,14000,2,100,20,ok,25.7640,12.8820,22.5683,5660.1875,5661.0,283.90893939393936,7314.6,,,,,results/images/scaling/marmousi_dx2.5/cuda-v1_snap20ms.bin
2026-09-26T12:50:49,c73680b81fa3,NVIDIA A40,46068,ours,cuda-v1,S1B_aliased,marmousi_dx2.5,2.5,50,8,6801,1401,50,14000,2,200,40,ok,25.6882,12.8441,22.6367,3116.1875,3117.0,284.5066917293233,7308.5,,,,,results/images/scaling/marmousi_dx2.5/cuda-v1_snap40ms.bin
2026-09-26T12:51:16,c73680b81fa3,NVIDIA A40,46068,ours,cuda-v1,S1B_aliased,marmousi_dx2.5,2.5,50,8,6801,1401,50,14000,2,400,80,ok,25.6722,12.8361,22.6513,1844.1875,1845.0,285.27924242424245,7323.7,,,,,results/images/scaling/marmousi_dx2.5/cuda-v1_snap80ms.bin
2026-09-26T12:51:42,c73680b81fa3,NVIDIA A40,46068,ours,cuda-v3,S1T,marmousi_dx2.5,2.5,50,8,6801,1401,50,14000,2,50,10,ok,25.8299,12.9149,22.5064,10758.1875,10759.0,286.6112030075188,7403.1,,,,,results/images/scaling/marmousi_dx2.5/cuda-v3_snap10ms.bin
2026-09-26T12:52:49,c73680b81fa3,NVIDIA A40,46068,ours,cuda-v3,S1B_aliased,marmousi_dx2.5,2.5,50,8,6801,1401,50,14000,2,25,5,ok,26.1608,13.0804,22.2241,20936.1875,20937.0,274.74161764705883,7187.5,,,,,results/images/scaling/marmousi_dx2.5/cuda-v3_snap5ms.bin
2026-09-26T12:53:16,c73680b81fa3,NVIDIA A40,46068,ours,cuda-v3,S1B_aliased,marmousi_dx2.5,2.5,50,8,6801,1401,50,14000,2,100,20,ok,25.6824,12.8412,22.6398,5670.1875,5671.0,281.91593984962407,7240.3,,,,,results/images/scaling/marmousi_dx2.5/cuda-v3_snap20ms.bin
2026-09-26T12:53:43,c73680b81fa3,NVIDIA A40,46068,ours,cuda-v3,S1B_aliased,marmousi_dx2.5,2.5,50,8,6801,1401,50,14000,2,200,40,ok,25.6311,12.8156,22.6863,3126.1875,3127.0,283.8582575757576,7275.6,,,,,results/images/scaling/marmousi_dx2.5/cuda-v3_snap40ms.bin
2026-09-26T12:54:10,c73680b81fa3,NVIDIA A40,46068,ours,cuda-v3,S1B_aliased,marmousi_dx2.5,2.5,50,8,6801,1401,50,14000,2,400,80,ok,25.6250,12.8125,22.7216,1854.1875,1855.0,284.21180451127816,7282.9,,,,,results/images/scaling/marmousi_dx2.5/cuda-v3_snap80ms.bin
2026-09-26T12:57:29,c73680b81fa3,NVIDIA A40,46068,ours,cuda-v1,S1T,marmousi_dx1.25,1.25,100,8,13601,2801,50,28000,2,100,10,ok,195.7636,97.8818,22.7681,42056.1875,42057.0,291.9278615071283,57148.8,,,,,results/images/scaling/marmousi_dx1.25/cuda-v1_snap10ms.bin
2026-09-26T13:01:09,c73680b81fa3,NVIDIA A40,46068,ours,cuda-v1,S1B_aliased,marmousi_dx1.25,1.25,100,8,13601,2801,50,28000,,50,5,oom,,,,,271.0,43.54,,,,,,results/images/scaling/marmousi_dx1.25/cuda-v1_snap5ms.bin
2026-09-26T13:04:27,c73680b81fa3,NVIDIA A40,46068,ours,cuda-v1,S1B_aliased,marmousi_dx1.25,1.25,100,8,13601,2801,50,28000,2,200,20,ok,195.1641,97.5820,22.8392,21710.1875,21711.0,289.768691206544,56552.4,,,,,results/images/scaling/marmousi_dx1.25/cuda-v1_snap20ms.bin
2026-09-26T13:07:44,c73680b81fa3,NVIDIA A40,46068,ours,cuda-v1,S1B_aliased,marmousi_dx1.25,1.25,100,8,13601,2801,50,28000,2,400,40,ok,195.0425,97.5212,22.8714,11538.1875,11539.0,292.87910951893554,57123.9,,,,,results/images/scaling/marmousi_dx1.25/cuda-v1_snap40ms.bin
2026-09-26T13:11:00,c73680b81fa3,NVIDIA A40,46068,ours,cuda-v1,S1B_aliased,marmousi_dx1.25,1.25,100,8,13601,2801,50,28000,2,800,80,ok,194.6621,97.3310,22.8941,6452.1875,6453.0,293.68563971340836,57169.5,,,,,results/images/scaling/marmousi_dx1.25/cuda-v1_snap80ms.bin
2026-09-26T13:14:17,c73680b81fa3,NVIDIA A40,46068,ours,cuda-v3,S1T,marmousi_dx1.25,1.25,100,8,13601,2801,50,28000,2,100,10,ok,194.8681,97.4341,22.8674,42094.1875,42095.0,293.00748717948716,57097.8,,,,,results/images/scaling/marmousi_dx1.25/cuda-v3_snap10ms.bin
2026-09-26T13:17:54,c73680b81fa3,NVIDIA A40,46068,ours,cuda-v3,S1B_aliased,marmousi_dx1.25,1.25,100,8,13601,2801,50,28000,,50,5,oom,,,,,271.0,43.124,,,,,,results/images/scaling/marmousi_dx1.25/cuda-v3_snap5ms.bin
2026-09-26T13:21:11,c73680b81fa3,NVIDIA A40,46068,ours,cuda-v3,S1B_aliased,marmousi_dx1.25,1.25,100,8,13601,2801,50,28000,2,200,20,ok,194.2977,97.1488,22.9373,21748.1875,21749.0,290.10767179487175,56367.3,,,,,results/images/scaling/marmousi_dx1.25/cuda-v3_snap20ms.bin
2026-09-26T13:24:27,c73680b81fa3,NVIDIA A40,46068,ours,cuda-v3,S1B_aliased,marmousi_dx1.25,1.25,100,8,13601,2801,50,28000,2,400,40,ok,193.9838,96.9919,22.9740,11576.1875,11577.0,293.6145118191161,56956.5,,,,,results/images/scaling/marmousi_dx1.25/cuda-v3_snap40ms.bin
2026-09-26T13:27:43,c73680b81fa3,NVIDIA A40,46068,ours,cuda-v3,S1B_aliased,marmousi_dx1.25,1.25,100,8,13601,2801,50,28000,2,800,80,ok,193.9836,96.9918,22.9863,6490.1875,6491.0,292.42292607802875,56725.3,,,,,results/images/scaling/marmousi_dx1.25/cuda-v3_snap80ms.bin
2026-09-26T13:28:13,c73680b81fa3,NVIDIA A40,46068,ours,cuda-v1,S2,marmousi_dx2.5,2.5,50,4,6801,1401,50,14000,2,50,10,ok,26.0037,13.0019,22.3597,10748.1875,10749.0,273.4137313432836,7109.8,,,,,results/images/scaling/marmousi_dx2.5/cuda-v1_order4.bin
2026-09-26T13:28:40,c73680b81fa3,NVIDIA A40,46068,ours,cuda-v1,S2,marmousi_dx2.5,2.5,50,8,6801,1401,50,14000,2,50,10,ok,25.9140,12.9570,22.4342,10748.1875,10749.0,286.79462686567166,7432.0,,,,,results/images/scaling/marmousi_dx2.5/cuda-v1_order8.bin
2026-09-26T13:29:07,c73680b81fa3,NVIDIA A40,46068,ours,cuda-v1,S2,marmousi_dx2.5,2.5,50,12,6801,1401,50,14000,2,50,10,ok,25.7825,12.8913,22.5512,10748.1875,10749.0,291.67436090225567,7520.1,,,,,results/images/scaling/marmousi_dx2.5/cuda-v1_order12.bin
2026-09-26T13:33:29,c73680b81fa3,NVIDIA A40,46068,ours,cuda-v1,S1,marmousi_dx12.5,12.5,10,8,1361,281,50,2800,2,10,10,ok,0.3103,0.1551,20.2182,710.1875,711.0,52.653999999999996,16.3,,,,,results/images/scaling/marmousi_dx12.5/cuda-v1_every10steps.bin
2026-09-26T13:33:38,c73680b81fa3,NVIDIA A40,46068,ours,cuda-v1,S1,marmousi_dx6.25,6.25,20,8,2721,561,50,5600,2,10,5,ok,2.0414,1.0207,20.5798,3596.1875,3597.0,172.60000000000002,352.3,,,,,results/images/scaling/marmousi_dx6.25/cuda-v1_every10steps.bin
2026-09-26T13:33:53,c73680b81fa3,NVIDIA A40,46068,ours,cuda-v1,S1,marmousi_dx5,5,25,8,3401,701,50,7000,2,10,4,ok,3.7769,1.8885,20.8711,6732.1875,6733.0,204.29863636363635,771.6,,,,,results/images/scaling/marmousi_dx5/cuda-v1_every10steps.bin
2026-09-26T13:34:14,c73680b81fa3,NVIDIA A40,46068,ours,cuda-v1,S1,marmousi_dx3.75,3.75,33.3333,8,4534,934,50,9334,2,10,3,ok,8.4369,4.2185,21.2697,15514.1875,15515.0,240.9291489361702,2032.7,,,,,results/images/scaling/marmousi_dx3.75/cuda-v1_every10steps.bin
2026-09-26T13:34:42,c73680b81fa3,NVIDIA A40,46068,ours,cuda-v1,S1B,marmousi_dx3.75,3.75,33.3333,8,4534,934,50,9334,2,20,6,ok,8.2063,4.1031,21.8685,7970.1875,7971.0,246.06478260869565,2019.3,,,,,results/images/scaling/marmousi_dx3.75/cuda-v1_every20steps.bin
2026-09-26T13:34:50,c73680b81fa3,NVIDIA A40,46068,ours,cuda-v1,S1B,marmousi_dx3.75,3.75,33.3333,8,4534,934,50,9334,2,40,12,ok,8.0957,4.0478,22.1737,4206.1875,4207.0,260.8616279069767,2111.9,,,,,results/images/scaling/marmousi_dx3.75/cuda-v1_every40steps.bin
2026-09-26T13:34:59,c73680b81fa3,NVIDIA A40,46068,ours,cuda-v1,S1B,marmousi_dx3.75,3.75,33.3333,8,4534,934,50,9334,2,80,24,ok,8.0335,4.0167,22.3432,2316.1875,2317.0,263.85697674418606,2119.7,,,,,results/images/scaling/marmousi_dx3.75/cuda-v1_every80steps.bin
2026-09-26T13:35:08,c73680b81fa3,NVIDIA A40,46068,ours,cuda-v1,S1B,marmousi_dx3.75,3.75,33.3333,8,4534,934,50,9334,2,160,48,ok,8.0051,4.0025,22.4223,1378.1875,1379.0,267.0448837209302,2137.7,,,,,results/images/scaling/marmousi_dx3.75/cuda-v1_every160steps.bin
2026-09-26T13:35:09,c73680b81fa3,NVIDIA A40,46068,ours,cuda-v1,S1,marmousi_dx2.5,2.5,50,8,6801,1401,50,14000,,10,2,oom,,,,,18.0,138.10999999999999,,,,,,results/images/scaling/marmousi_dx2.5/cuda-v1_every10steps.bin
2026-09-26T13:35:37,c73680b81fa3,NVIDIA A40,46068,ours,cuda-v1,S1B,marmousi_dx2.5,2.5,50,8,6801,1401,50,14000,2,20,4,ok,26.3737,13.1869,22.0380,26014.1875,26015.0,277.28588235294114,7313.1,,,,,results/images/scaling/marmousi_dx2.5/cuda-v1_every20steps.bin
2026-09-26T13:36:04,c73680b81fa3,NVIDIA A40,46068,ours,cuda-v1,S1B,marmousi_dx2.5,2.5,50,8,6801,1401,50,14000,2,40,8,ok,25.9927,12.9964,22.3652,13292.1875,13293.0,280.86604477611945,7300.5,,,,,results/images/scaling/marmousi_dx2.5/cuda-v1_every40steps.bin
2026-09-26T13:36:31,c73680b81fa3,NVIDIA A40,46068,ours,cuda-v1,S1B,marmousi_dx2.5,2.5,50,8,6801,1401,50,14000,2,80,16,ok,25.8011,12.9006,22.5333,6932.1875,6933.0,283.41886363636365,7312.5,,,,,results/images/scaling/marmousi_dx2.5/cuda-v1_every80steps.bin
2026-09-26T13:36:58,c73680b81fa3,NVIDIA A40,46068,ours,cuda-v1,S1B,marmousi_dx2.5,2.5,50,8,6801,1401,50,14000,2,160,32,ok,25.7067,12.8533,22.6156,3770.1875,3771.0,285.38744360902257,7336.4,,,,,results/images/scaling/marmousi_dx2.5/cuda-v1_every160steps.bin
2026-09-26T13:36:59,c73680b81fa3,NVIDIA A40,46068,ours,cuda-v1,S1,marmousi_dx1.25,1.25,100,8,13601,2801,50,28000,,10,1,oom,,,,,271.0,136.54,,,,,,results/images/scaling/marmousi_dx1.25/cuda-v1_every10steps.bin
2026-09-26T13:37:00,c73680b81fa3,NVIDIA A40,46068,ours,cuda-v1,S1B,marmousi_dx1.25,1.25,100,8,13601,2801,50,28000,,20,2,oom,,,,,271.0,126.905,,,,,,results/images/scaling/marmousi_dx1.25/cuda-v1_every20steps.bin
2026-09-26T13:37:02,c73680b81fa3,NVIDIA A40,46068,ours,cuda-v1,S1B,marmousi_dx1.25,1.25,100,8,13601,2801,50,28000,,40,4,oom,,,,,575.0,125.228,,,,,,results/images/scaling/marmousi_dx1.25/cuda-v1_every40steps.bin
2026-09-26T13:37:03,c73680b81fa3,NVIDIA A40,46068,ours,cuda-v1,S1B,marmousi_dx1.25,1.25,100,8,13601,2801,50,28000,,80,8,oom,,,,,271.0,124.38,,,,,,results/images/scaling/marmousi_dx1.25/cuda-v1_every80steps.bin
2026-09-26T13:40:20,c73680b81fa3,NVIDIA A40,46068,ours,cuda-v1,S1B,marmousi_dx1.25,1.25,100,8,13601,2801,50,28000,2,160,16,ok,195.2701,97.6350,22.8227,26798.1875,26799.0,291.6795914198161,56956.3,,,,,results/images/scaling/marmousi_dx1.25/cuda-v1_every160steps.bin
2026-09-26T14:11:28,c73680b81fa3,NVIDIA A40,46068,devito,devito-gpu,S1,marmousi_dx12.5,12.5,10,8,1361,281,50,2800,2,10,10,ok,1.7053,0.8527,3.6558,,929.0,63.45023255813954,108.2,9.67046431226036,389.01028611780083,1.5342080062265622,5.76,results/images/scaling/marmousi_dx12.5/devito_order8.bin
2026-09-26T14:12:05,c73680b81fa3,NVIDIA A40,46068,devito,devito-gpu,S1,marmousi_dx6.25,6.25,20,8,2721,561,50,5600,2,10,5,ok,7.1809,3.5905,5.8166,,4441.0,85.66146341463414,615.1,17.72597156710224,710.6394031007115,1.5380853543345205,8.05,results/images/scaling/marmousi_dx6.25/devito_order8.bin
2026-09-26T14:12:59,c73680b81fa3,NVIDIA A40,46068,devito,devito-gpu,S1,marmousi_dx5,5,25,8,3401,701,50,7000,2,10,4,ok,13.2198,6.6099,5.9396,,8039.0,98.48836363636363,1302.0,19.080399136023473,764.884184987447,1.5391370936099096,7.69,results/images/scaling/marmousi_dx5/devito_order8.bin
2026-09-26T14:14:17,c73680b81fa3,NVIDIA A40,46068,devito,devito-gpu,S1,marmousi_dx3.75,3.75,33.3333,8,4534,934,50,9334,2,10,3,ok,25.4128,12.7064,7.0397,,17801.0,115.24043956043955,2928.6,22.739071879863147,910.2816639191167,1.540302700977948,9.17,results/images/scaling/marmousi_dx3.75/devito_order8.bin
2026-09-26T14:14:52,c73680b81fa3,NVIDIA A40,46068,devito,devito-gpu,S1,marmousi_dx2.5,2.5,50,8,6801,1401,50,14000,,10,2,oom,,,,,,35.493895348837206,,,,,,results/images/scaling/marmousi_dx2.5/devito_order8.bin
2026-09-26T14:15:25,c73680b81fa3,NVIDIA A40,46068,devito,devito-gpu,S1,marmousi_dx1.25,1.25,100,8,13601,2801,50,28000,,10,1,oom,,,,,271.0,43.07373417721519,,,,,,results/images/scaling/marmousi_dx1.25/devito_order8.bin
2026-09-26T14:17:02,c73680b81fa3,NVIDIA A40,46068,devito,devito-gpu,S2,marmousi_dx2.5,2.5,50,4,6801,1401,50,14000,2,40,8,ok,36.2961,18.1480,15.9816,,14495.0,168.45900862068964,6114.4,26.284257003722587,736.5073006353362,1.0793783198351914,8.51,results/images/scaling/marmousi_dx2.5/devito_order4.bin
2026-09-26T14:18:29,c73680b81fa3,NVIDIA A40,46068,devito,devito-gpu,S2,marmousi_dx2.5,2.5,50,8,6801,1401,50,14000,2,40,8,ok,36.9224,18.4612,15.7105,,14593.0,178.9836888888889,6608.5,26.466105593342988,1059.1525863870097,1.541601219360801,6.47,results/images/scaling/marmousi_dx2.5/devito_order8.bin
2026-09-26T14:20:05,c73680b81fa3,NVIDIA A40,46068,devito,devito-gpu,S2,marmousi_dx2.5,2.5,50,12,6801,1401,50,14000,2,40,8,ok,43.3398,21.6699,13.3843,,14685.0,175.6777099236641,7613.8,24.289660922364817,1263.3877212367277,2.002889802123768,7.63,results/images/scaling/marmousi_dx2.5/devito_order12.bin
2026-09-26T14:21:50,c73680b81fa3,NVIDIA A40,46068,devito,devito-gpu,S2,marmousi_dx2.5,2.5,50,16,6801,1401,50,14000,2,40,8,ok,48.2322,24.1161,12.0266,,14775.0,177.11423611111113,8542.6,21.800368862761424,1395.480734247746,2.463245585584214,7.78,results/images/scaling/marmousi_dx2.5/devito_order16.bin
